{"id":"27df100a-fcec-7c0b-01da-99bf61a9b911","name":"NextGear - UserAccount","timestamp":1374785890396,"requests":[{"collectionId":"27df100a-fcec-7c0b-01da-99bf61a9b911","id":"31b1ab69-c981-494b-1f8a-d0d2f3eba834","name":"PasswordResetQuestion/{email}","description":"Returns password reset question.","url":"{{url}}/UserAccount/PasswordResetQuestion/{email}","method":"GET","headers":"Authorization: {{dealer_auth_token}}\n","data":[{"key":"EmailAddress","value":"{{email_address}}","type":"text"}],"dataMode":"params","timestamp":0,"version":2,"time":1375300484952},{"collectionId":"27df100a-fcec-7c0b-01da-99bf61a9b911","id":"32fe434e-6205-cae9-1855-09f78a177233","name":"Authenticate (Dealer) (Works)","description":"Dealer credentials: u: 654321 / p: foo.\n\nSet the response value \"Data\" to the {{dealer_auth_token}} variable.","url":"{{url}}/UserAccount/Authenticate","method":"POST","headers":"Authorization: CT NjU0MzIxOmZvbw==\n","data":[],"dataMode":"params","timestamp":0,"version":2},{"collectionId":"27df100a-fcec-7c0b-01da-99bf61a9b911","id":"94200669-f1cb-1ade-1b91-b69e91bb1552","name":"resetpassword/{username}/{answer}","description":"Resets password based on user name and answer.","url":"{{url}}/UserAccount/resetpassword/{username}/{answer}","method":"POST","headers":"Authorization: {{dealer_auth_token}}\n","data":[{"key":"Username","value":"{{username}}","type":"text"},{"key":"Password","value":"{{password}}","type":"text"}],"dataMode":"params","timestamp":0,"version":2,"time":1375300553633},{"collectionId":"27df100a-fcec-7c0b-01da-99bf61a9b911","id":"ba3f7a4b-e7fd-3e6e-b7ec-38eb746cf8d1","name":"logout","description":"Logs user out of service (cancels auth token.)","url":"{{url}}/UserAccount/logout","method":"GET","headers":"Authorization: {{dealer_auth_token}}\n","data":[],"dataMode":"params","timestamp":0,"responses":[],"version":2},{"collectionId":"27df100a-fcec-7c0b-01da-99bf61a9b911","id":"f588e3de-2c61-3300-d09e-e4b70e5fb18b","name":"RecoverUserName/{email}","description":"Recovers user name by email address.  Triggers email to be sent.","url":"{{url}}/UserAccount/RecoverUserName/{email}","method":"POST","headers":"Authorization: {{dealer_auth_token}}\n","data":[{"key":"EmailAddress","value":"{{email_address}}","type":"text"}],"dataMode":"params","timestamp":0,"version":2,"time":1375300404831}],"order":["f588e3de-2c61-3300-d09e-e4b70e5fb18b","31b1ab69-c981-494b-1f8a-d0d2f3eba834","94200669-f1cb-1ade-1b91-b69e91bb1552","32fe434e-6205-cae9-1855-09f78a177233","ba3f7a4b-e7fd-3e6e-b7ec-38eb746cf8d1"]}