{"id":"fc8ec67b-01e2-8a22-da58-1ecca6092688","name":"Nextgear - floorplan","timestamp":1374864170788,"order":["33324a48-156b-df43-af12-9528059a051d","3550b3c4-9d0f-3a21-3bca-0b4c48c763df","269c72f3-f98e-8c93-8d15-2add0f794244","868c2c00-d7b3-d5f5-f23a-2a4646fdee80","2f525168-128b-b08c-9d9f-9b7f0bc87989","7aeee0bf-77f9-5f52-87ff-28c1c4d32ec8","c3cf878d-8d6b-c4a8-acf5-8036508ac60f","4fae24c9-b389-48ca-4539-72d5c86ae00e","afd8270b-fd88-ba31-910b-bc4404115241","4f8f60a1-2c09-de4b-b319-e8dbb7794603"],"requests":[{"collectionId":"fc8ec67b-01e2-8a22-da58-1ecca6092688","id":"269c72f3-f98e-8c93-8d15-2add0f794244","name":"title/{displayId}/{isFirstPageOnly}","description":"Gets title from display id, and displays entire title or just first page.","url":"{{url}}/Floorplan/title/{displayId}/{isFirstPageOnly}","method":"GET","headers":"Authorization: {{dealer_auth_token}}\n","data":[],"dataMode":"params","timestamp":0,"version":2,"time":1375288981647},{"collectionId":"fc8ec67b-01e2-8a22-da58-1ecca6092688","id":"2f525168-128b-b08c-9d9f-9b7f0bc87989","name":"EditTitleNumberAndState","description":"Allows edit of Floorplan title number and title state.","url":"{{url}}/floorplan/EditTitleNumberAndState","method":"POST","headers":"Authorization: {{dealer_auth_token}}\n","data":[],"dataMode":"params","timestamp":0,"version":2,"time":1375288741722},{"collectionId":"fc8ec67b-01e2-8a22-da58-1ecca6092688","id":"33324a48-156b-df43-af12-9528059a051d","name":"{stocknumber} (404)","description":"Gets a Floorplan for the logged in dealer by stock number.","url":"{{url}}/floorplan/{stocknumber}","method":"GET","headers":"Authorization: {{dealer_auth_token}}\n","data":"","dataMode":"raw","timestamp":0,"version":2,"time":1375287991721},{"collectionId":"fc8ec67b-01e2-8a22-da58-1ecca6092688","id":"3550b3c4-9d0f-3a21-3bca-0b4c48c763df","name":"GetVehiclesForTitleVault/{daysSinceCompletion}","description":"Gets completed floorplans based on days since they were completed.","url":"{{url}}/floorplan/GetVehiclesForTitleVault/24","method":"GET","headers":"Authorization: {{dealer_auth_token}}\n","data":[],"dataMode":"params","timestamp":0,"version":2,"time":1375298669627},{"collectionId":"fc8ec67b-01e2-8a22-da58-1ecca6092688","id":"4f8f60a1-2c09-de4b-b319-e8dbb7794603","name":"disbursementdates/{unixStartDate}/{unixEndDate} (404)","description":"Gets disbursement dates of valid disbursements.","url":"{{url}}/floorplan/disbursementdates/{unixStartDate}/{unixEndDate}","method":"GET","headers":"Authorization: {{dealer_auth_token}}\n","data":[],"dataMode":"params","timestamp":0,"version":2,"time":1375291718341},{"collectionId":"fc8ec67b-01e2-8a22-da58-1ecca6092688","id":"4fae24c9-b389-48ca-4539-72d5c86ae00e","name":"disbursements/{pageNumber}/{pageSize} (404)","description":"Gets disbursements for dealer.","url":"{{url}}/floorplan/disbursements/1/6","method":"GET","headers":"Authorization: {{dealer_auth_token}}\n","data":[],"dataMode":"params","timestamp":0,"version":2,"time":1375298937490},{"collectionId":"fc8ec67b-01e2-8a22-da58-1ecca6092688","id":"7aeee0bf-77f9-5f52-87ff-28c1c4d32ec8","name":"create","description":"Creates a Floorplan based on request object.","url":"{{url}}/Floorplan/Create","method":"POST","headers":"Authorization: {{dealer_auth_token}}\n","data":[{"key":"ApplicationOSName","value":"","type":"text"},{"key":"BuyerBankAccountId","value":"","type":"text"},{"key":"LineOfCreditId","value":"","type":"text"},{"key":"PaySeller","value":"","type":"text"},{"key":"PhysicalInventoryAddressId","value":"","type":"text"},{"key":"SaleTradeIn","value":"","type":"text"},{"key":"SelectedVehicle","value":"","type":"text"},{"key":"VinPos1To8","value":"","type":"text"},{"key":"VinYearCode","value":"","type":"text"},{"key":"Make","value":"","type":"text"},{"key":"Model","value":"","type":"text"},{"key":"Style","value":"","type":"text"},{"key":"Year","value":"","type":"text"},{"key":"RoughValue","value":"","type":"text"},{"key":"AverageValue","value":"","type":"text"},{"key":"CleanValue","value":"","type":"text"},{"key":"ExtraCleanValue","value":"","type":"text"},{"key":"BlackBookImportId","value":"","type":"text"},{"key":"GroupNumber","value":"","type":"text"},{"key":"MakeNumber","value":"","type":"text"},{"key":"UVc","value":"","type":"text"},{"key":"DSCRegionalAveragePurchasePrice","value":"","type":"text"},{"key":"DSCRegionalMaxPurchasePrice","value":"","type":"text"},{"key":"SellerBusinessId","value":"","type":"text"},{"key":"UnitColorId","value":"","type":"text"},{"key":"UnitMake","value":"","type":"text"},{"key":"UnitMileage","value":"","type":"text"},{"key":"UnitModel","value":"","type":"text"},{"key":"UnitPurchaseDate","value":"","type":"text"},{"key":"UnitPurchasePrice","value":"","type":"text"},{"key":"UnitStyle","value":"","type":"text"},{"key":"UnitTitleNumber","value":"","type":"text"},{"key":"UnitTitleStateId","value":"","type":"text"},{"key":"UnitVin","value":"","type":"text"},{"key":"VinAckLookupFailure","value":"","type":"text"},{"key":"UnitYear","value":"","type":"text"},{"key":"TitleLocationId","value":"","type":"text"},{"key":"TitleTypeId","value":"","type":"text"}],"dataMode":"params","timestamp":0,"version":2,"time":1375109631359},{"collectionId":"fc8ec67b-01e2-8a22-da58-1ecca6092688","id":"868c2c00-d7b3-d5f5-f23a-2a4646fdee80","name":"search","description":"Searches for floorplans based on request object.","url":"{{url}}/floorplan/search","method":"POST","headers":"Authorization: {{dealer_auth_token}}\n","data":"SearchType : int (FlooringDate=0, DisbursmentDate = 1, Vin = 2)\nSearchPending: Boolean\nSearchApproved: Boolean\nSearchCompleted: Boolean\nSearchDenied: Boolean\nVIN: string\nStartDate: string\nEndDate: string\n","dataMode":"raw","timestamp":0,"version":2,"time":1375288562226},{"collectionId":"fc8ec67b-01e2-8a22-da58-1ecca6092688","id":"afd8270b-fd88-ba31-910b-bc4404115241","name":"disbursements/{pageNumber}/{pageSize}/{unixStartDate}/{unixEndDate} (404)","description":"Gets disbursements for dealer based on dates.","url":"{{url}}/floorplan/disbursements/{pageNumber}/{pageSize}/{unixStartDate}/{unixEndDate}","method":"GET","headers":"Authorization: {{dealer_auth_token}}\n","data":[],"dataMode":"params","timestamp":0,"version":2,"time":1375291659929},{"collectionId":"fc8ec67b-01e2-8a22-da58-1ecca6092688","id":"c3cf878d-8d6b-c4a8-acf5-8036508ac60f","name":"autosuggest","description":"Loads auto suggestions for Floorplan autocomplete.","url":"{{url}}/floorplan/autosuggest","method":"GET","headers":"Authorization: {{dealer_auth_token}}\n","data":[],"dataMode":"params","timestamp":0,"version":2,"time":1375289025977}]}