{"id":"b6d9176e-89fe-2ff0-f86e-02e41cc0de2d","name":"Nextgear - credit","timestamp":1374863402761,"requests":[{"collectionId":"b6d9176e-89fe-2ff0-f86e-02e41cc0de2d","id":"7758a11a-1dd7-69f0-34e2-466cad5faf7c","name":"static","description":"Returns static data for contracts.","url":"{{url}}/credit/static","method":"GET","headers":"Authorization: {{dealer_auth_token}}\n","data":"","dataMode":"raw","timestamp":0,"version":2,"time":1375286542395},{"collectionId":"b6d9176e-89fe-2ff0-f86e-02e41cc0de2d","id":"e4dedbe6-5ac1-b1ea-12d8-31c700d1b37a","name":"apply","description":"Allows entry of a credit application.","url":"{{url}}/credit/apply","method":"POST","headers":"Authorization: {{dealer_auth_token}}\n","data":"","dataMode":"raw","timestamp":0,"version":2,"time":1375286438961}]}