{"id":"731d416c-211e-f6c8-312d-79e13f4661d3","name":"Nextgear - analytics","timestamp":1374856070717,"order":["c700da4e-b386-936d-cf8a-7c42f1ceee2c","aefa3146-702f-a619-5a11-2526c85b4e28","b0dad9ab-5e47-1f37-d5e7-663ccd9e0588","625a8ecd-5c90-c6b3-7281-5cfeff6a0a30","27081e4c-ab89-c212-79be-e11f2402898d","76c89022-b22e-4d03-bf4b-f5eafa3f1cfe","223e1c8a-37db-dd17-6474-51a17730f6ba","f5fa1118-a264-39e6-a00c-65000df0acb9","feb98478-22f9-6271-f0a7-ed949a5dfed1","02fa62d1-7695-6a91-d867-a65e13ab806c","63a97595-f7f6-dc8c-90f6-79a6fea58f96","642a89a9-cdd4-b2cd-b378-47e0068b6946"],"requests":[{"collectionId":"731d416c-211e-f6c8-312d-79e13f4661d3","id":"02fa62d1-7695-6a91-d867-a65e13ab806c","name":"blackbook/vehicle/{make}/{model}/{year}/{style}/{miles}","description":"Gets vehicle information for a vehicle based on make, model, year, style, and miles.","url":"{{url}}/analytics/blackbook/vehicles/honda/fit/2009/4D Hatchback 1.5L I-4 MPI SOHC VTEC/13249024","method":"GET","headers":"Authorization: {{dealer_auth_token}}\n","data":[],"dataMode":"params","timestamp":0,"version":2,"time":1375297996312},{"collectionId":"731d416c-211e-f6c8-312d-79e13f4661d3","id":"223e1c8a-37db-dd17-6474-51a17730f6ba","name":"blackbook/vehicles/{make}/{model}","description":"Gets all years for a specified model.","url":"{{url}}/analytics/blackbook/vehicles/honda/fit","method":"GET","headers":"Authorization: {{dealer_auth_token}}\n","data":[],"dataMode":"params","timestamp":0,"version":2,"time":1375297910968},{"collectionId":"731d416c-211e-f6c8-312d-79e13f4661d3","id":"27081e4c-ab89-c212-79be-e11f2402898d","name":"blackbook/vehicles","description":"Gets all blackbook makes in the system.","url":"{{url}}/analytics/blackbook/vehicles","method":"GET","headers":"Authorization: {{dealer_auth_token}}\n","data":[],"dataMode":"params","timestamp":0,"version":2,"time":1375279140192},{"collectionId":"731d416c-211e-f6c8-312d-79e13f4661d3","id":"625a8ecd-5c90-c6b3-7281-5cfeff6a0a30","name":"aging","description":"Gets the aging of all approved floorplans.","url":"{{url}}/analytics/aging","method":"GET","headers":"Authorization: {{dealer_auth_token}}\n","data":[],"dataMode":"params","timestamp":0,"version":2,"time":1375297883393},{"collectionId":"731d416c-211e-f6c8-312d-79e13f4661d3","id":"63a97595-f7f6-dc8c-90f6-79a6fea58f96","name":"blackbook/{vin}","description":"Gets vehicle information based on vin.","url":"{{url}}/analytics/blackbook/1B3XM2640KW021862","method":"GET","headers":"Authorization: {{dealer_auth_token}}\n","data":[],"dataMode":"params","timestamp":0,"version":2,"time":1375298029641},{"collectionId":"731d416c-211e-f6c8-312d-79e13f4661d3","id":"642a89a9-cdd4-b2cd-b378-47e0068b6946","name":"blackbook/{vin}/{miles}","description":"Gets vehicle information based on vin and miles.","url":"{{url}}/analytics/blackbook/1B3XM2640KW021862/2345","method":"GET","headers":"Authorization: {{dealer_auth_token}}\n","data":[],"dataMode":"params","timestamp":0,"version":2,"time":1375298079319},{"collectionId":"731d416c-211e-f6c8-312d-79e13f4661d3","id":"76c89022-b22e-4d03-bf4b-f5eafa3f1cfe","name":"blackbook/vehicles/{make}","description":"Gets all blackbook models in the system.","url":"{{url}}/analytics/blackbook/vehicles/honda","method":"GET","headers":"Authorization: {{dealer_auth_token}}\n","data":[],"dataMode":"params","timestamp":0,"version":2,"time":1375297898716},{"collectionId":"731d416c-211e-f6c8-312d-79e13f4661d3","id":"aefa3146-702f-a619-5a11-2526c85b4e28","name":"averageturntime","description":"Gets the average turn time for a dealer.","url":"{{url}}/analytics/averageturntime","method":"GET","headers":"Authorization: {{dealer_auth_token}}\n","data":[],"dataMode":"params","timestamp":0,"version":2,"time":1375277826756},{"collectionId":"731d416c-211e-f6c8-312d-79e13f4661d3","id":"b0dad9ab-5e47-1f37-d5e7-663ccd9e0588","name":"bookvaluemargins/{numMonthsToAnalyze}","description":"Gets the Book Value Margins per seller.","url":"{{url}}/analytics/bookvaluemargins/2","method":"GET","headers":"Authorization: {{dealer_auth_token}}\n","data":[],"dataMode":"params","timestamp":0,"version":2,"time":1375297869559},{"collectionId":"731d416c-211e-f6c8-312d-79e13f4661d3","id":"c700da4e-b386-936d-cf8a-7c42f1ceee2c","name":"makemodelanalysis/{bestsellertruefalsestring}","description":"Gets the average turn times of makes and models in the system.","url":"{{url}}/analytics/makemodelanalysis/true","method":"GET","headers":"Authorization: {{dealer_auth_token}}\n","data":[],"dataMode":"params","timestamp":0,"version":2,"time":1375297848828},{"collectionId":"731d416c-211e-f6c8-312d-79e13f4661d3","id":"f5fa1118-a264-39e6-a00c-65000df0acb9","name":"blackbook/vehicles/{make}/{model}/{year}","description":"Gets all styles for a make, model, and year.","url":"{{url}}/analytics/blackbook/vehicles/honda/fit/2008","method":"GET","headers":"Authorization: {{dealer_auth_token}}\n","data":[],"dataMode":"params","timestamp":0,"version":2,"time":1375297920643},{"collectionId":"731d416c-211e-f6c8-312d-79e13f4661d3","id":"feb98478-22f9-6271-f0a7-ed949a5dfed1","name":"blackbook/vehicle/{make}/{model}/{year}/{style}","description":"Gets vehicle information for a vehicle based on make, model, year, and style.","url":"{{url}}/analytics/blackbook/vehicles/honda/fit/2009/4D Hatchback 1.5L I-4 MPI SOHC VTEC/13249024","method":"GET","headers":"Authorization: {{dealer_auth_token}}\n","data":[],"dataMode":"params","timestamp":0,"version":2,"time":1375297949416}]}