{"id":"19079e39-bad3-24ee-c935-ab9f90f80c9a","name":"NextGear - dealer","timestamp":1374786457745,"requests":[{"collectionId":"19079e39-bad3-24ee-c935-ab9f90f80c9a","id":"1d7f9f88-b2c1-a73c-4884-2e839dc9034b","name":"static","description":"Returns static data items for the logged in dealer.","url":"{{url}}/dealer/static","method":"GET","headers":"Authorization: {{dealer_auth_token}}\n","data":"","dataMode":"raw","timestamp":0,"version":2,"time":1375287070204},{"collectionId":"19079e39-bad3-24ee-c935-ab9f90f80c9a","id":"6cf6a4a7-f96f-7299-e6b2-f1de05006425","name":"search/buyer (404)","description":"Searches all buyers based on query string parameter passed.","url":"{{url}}/dealer/search/buyer","method":"GET","headers":"Authorization: {{dealer_auth_token}}\n","data":"","dataMode":"raw","timestamp":0,"version":2,"time":1375287346934},{"collectionId":"19079e39-bad3-24ee-c935-ab9f90f80c9a","id":"a8050b5c-71f3-318f-dd82-383c8fe574c5","name":"search/seller/{criteria}","description":"Gets sellers for a dealer based on criteria passed.","url":"{{url}}/dealer/search/seller/{criteria}","method":"GET","headers":"Authorization: {{dealer_auth_token}}\n","data":"","dataMode":"raw","timestamp":0,"version":2,"time":1375287315197},{"collectionId":"19079e39-bad3-24ee-c935-ab9f90f80c9a","id":"b7efa774-e72d-f2fd-0adf-05b6a70139d6","name":"summary","description":"Gets summary information for logged in dealer.","url":"{{url}}/dealer/summary/","method":"GET","headers":"Authorization: {{dealer_auth_token}}\n","data":"","dataMode":"raw","timestamp":0,"version":2,"time":1375287212076},{"collectionId":"19079e39-bad3-24ee-c935-ab9f90f80c9a","id":"e22063f0-01eb-cd61-8e39-00cb8c0b442e","name":"credit","description":"Gets credit information for logged in dealer.","url":"{{url}}/dealer/credit","method":"GET","headers":"Authorization: {{dealer_auth_token}}\n","data":"","dataMode":"raw","timestamp":0,"version":2,"time":1375286707491},{"collectionId":"19079e39-bad3-24ee-c935-ab9f90f80c9a","id":"f8314bc3-2e7e-f26c-c2ab-cb68f59edead","name":"info","description":"Gets info about the logged in dealer.","url":"{{url}}/dealer/info","method":"GET","headers":"Authorization: {{dealer_auth_token}}\n","data":"","dataMode":"raw","timestamp":0,"version":2,"time":1375286620883},{"collectionId":"19079e39-bad3-24ee-c935-ab9f90f80c9a","id":"fd410f1f-d612-17a9-82f9-955749a6cfde","name":"creditQueryandlog/{businessId} (404)","description":"Queries credit for a business and logs the fact that the logged in business contact queried the credit.","url":"{{url}}/dealer/creditQueryandlog/{businessId}","method":"POST","headers":"Authorization: {{dealer_auth_token}}\n","data":"","dataMode":"raw","timestamp":0,"responses":[],"version":2}],"order":["f8314bc3-2e7e-f26c-c2ab-cb68f59edead","e22063f0-01eb-cd61-8e39-00cb8c0b442e","fd410f1f-d612-17a9-82f9-955749a6cfde","a8050b5c-71f3-318f-dd82-383c8fe574c5","1d7f9f88-b2c1-a73c-4884-2e839dc9034b","b7efa774-e72d-f2fd-0adf-05b6a70139d6","6cf6a4a7-f96f-7299-e6b2-f1de05006425"]}