{"id":"ad6428ad-7761-ca69-7fa2-5ad884fb8796","name":"NextGear - payment","timestamp":1374785471017,"requests":[{"collectionId":"ad6428ad-7761-ca69-7fa2-5ad884fb8796","id":"018ea5c2-34f6-2035-78f0-f663b552cbb5","name":"search/vin/{vin}","description":"Returns payments for Floorplan specified by vin.","url":"{{url}}/payment/search/vin/{vin}","method":"GET","headers":"Authorization: {{dealer_auth_token}}\n","data":[],"dataMode":"params","timestamp":0,"version":2,"time":1375299312762},{"collectionId":"ad6428ad-7761-ca69-7fa2-5ad884fb8796","id":"01bb394a-9aed-5e2e-74a8-9a3f20565d9c","name":"getaccountfees","description":"Gets all account fees for logged in dealer.","url":"{{url}}/payment/getaccountfees","method":"GET","headers":"Authorization: {{dealer_auth_token}}\n","data":"SelectedFloorplans: List\n{\nFloorplanId: String\nBuyerBusinessId: String\nVin: String\nStockNumber: String\nDaysOnFloorplan: String\nUnitDescription: String\nUnitColor: String\nUnitStatusId: String\nCreditType: String\nCurrentPayoff: Decimal\nAmountDue: Decimal\nPrincipalPayoff: Decimal\nPrincipalDue: Decimal\nDueDate: Int\nScheduleSetupDate: Int\nScheduled: Boolean\nHasNsf: Boolean\nIsPayoff: Boolean\nPayAmountDue: Boolean\nPayPayoffAmount: Boolean\n}\nAccountFees: List\n{\nFinancialRecordId : String\nFinancialRecordTypeId: int (Payable=1, PaymentSent=2, Fee=4, Interest=5 OneDayLoan=6, Payment=7, Principal=8, RecordVoid=9, UnappliedFundsDepost=10, UnappliedFundsWithdrawl=11, RecordReapplied=12, Insurance=13, UnappliedFundsTransfer=14, AddOnCombined=15, AddOnLineItem=16, ReserveFundsDeposit=17, ReserveFundsWithdrawl=18, ReserveFundsTransfer=19)\nBalance: Decimal\nEffectiveUnixDate: Int\nDescription: String\nIsFee: Boolean\nFloorplanId: String\nStockNumber: String\nVin: String\nApplyToFinancialRecordId: String\n}\nBankAccountId: String\n}\n","dataMode":"raw","timestamp":0,"version":2,"time":1375299436284},{"collectionId":"ad6428ad-7761-ca69-7fa2-5ad884fb8796","id":"0eed2172-bf99-914e-8fd7-a64be8c5d8f0","name":"getupcomingcurtailmentpayments/{endDate}","description":"Gets PDF report of upcoming curtailment periods.","url":"{{url}}/payment/getaccountfees","method":"GET","headers":"Authorization: {{dealer_auth_token}}\n","data":"SelectedFloorplans: List\n{\nFloorplanId: String\nBuyerBusinessId: String\nVin: String\nStockNumber: String\nDaysOnFloorplan: String\nUnitDescription: String\nUnitColor: String\nUnitStatusId: String\nCreditType: String\nCurrentPayoff: Decimal\nAmountDue: Decimal\nPrincipalPayoff: Decimal\nPrincipalDue: Decimal\nDueDate: Int\nScheduleSetupDate: Int\nScheduled: Boolean\nHasNsf: Boolean\nIsPayoff: Boolean\nPayAmountDue: Boolean\nPayPayoffAmount: Boolean\n}\nAccountFees: List\n{\nFinancialRecordId : String\nFinancialRecordTypeId: int (Payable=1, PaymentSent=2, Fee=4, Interest=5 OneDayLoan=6, Payment=7, Principal=8, RecordVoid=9, UnappliedFundsDepost=10, UnappliedFundsWithdrawl=11, RecordReapplied=12, Insurance=13, UnappliedFundsTransfer=14, AddOnCombined=15, AddOnLineItem=16, ReserveFundsDeposit=17, ReserveFundsWithdrawl=18, ReserveFundsTransfer=19)\nBalance: Decimal\nEffectiveUnixDate: Int\nDescription: String\nIsFee: Boolean\nFloorplanId: String\nStockNumber: String\nVin: String\nApplyToFinancialRecordId: String\n}\nBankAccountId: String\n}\n","dataMode":"raw","timestamp":0,"version":2,"time":1375299467413},{"collectionId":"ad6428ad-7761-ca69-7fa2-5ad884fb8796","id":"11abbf6d-dd28-35d6-fdc0-a2ec5595b40e","name":"make","description":"Allows payment to be made on a Floorplan.","url":"{{url}}/payment/make","method":"POST","headers":"Authorization: {{dealer_auth_token}}\n","data":"SelectedFloorplans: List\n{\nFloorplanId: String\nBuyerBusinessId: String\nVin: String\nStockNumber: String\nDaysOnFloorplan: String\nUnitDescription: String\nUnitColor: String\nUnitStatusId: String\nCreditType: String\nCurrentPayoff: Decimal\nAmountDue: Decimal\nPrincipalPayoff: Decimal\nPrincipalDue: Decimal\nDueDate: Int\nScheduleSetupDate: Int\nScheduled: Boolean\nHasNsf: Boolean\nIsPayoff: Boolean\nPayAmountDue: Boolean\nPayPayoffAmount: Boolean\n}\nAccountFees: List\n{\nFinancialRecordId : String\nFinancialRecordTypeId: int (Payable=1, PaymentSent=2, Fee=4, Interest=5 OneDayLoan=6, Payment=7, Principal=8, RecordVoid=9, UnappliedFundsDepost=10, UnappliedFundsWithdrawl=11, RecordReapplied=12, Insurance=13, UnappliedFundsTransfer=14, AddOnCombined=15, AddOnLineItem=16, ReserveFundsDeposit=17, ReserveFundsWithdrawl=18, ReserveFundsTransfer=19)\nBalance: Decimal\nEffectiveUnixDate: Int\nDescription: String\nIsFee: Boolean\nFloorplanId: String\nStockNumber: String\nVin: String\nApplyToFinancialRecordId: String\n}\nBankAccountId: String\n}\n","dataMode":"raw","timestamp":0,"version":2,"time":1375299349338},{"collectionId":"ad6428ad-7761-ca69-7fa2-5ad884fb8796","id":"17147c03-9ebf-9e44-980f-6727a1d1670b","name":"possiblePaymentdates/{startDate}/{endDate}","description":"Gets possible payment dates between start date and end date.","url":"{{url}}/payment/possiblePaymentdates/{startDate}/{endDate}","method":"GET","headers":"Authorization: {{dealer_auth_token}}\n","data":"SelectedFloorplans: List\n{\nFloorplanId: String\nBuyerBusinessId: String\nVin: String\nStockNumber: String\nDaysOnFloorplan: String\nUnitDescription: String\nUnitColor: String\nUnitStatusId: String\nCreditType: String\nCurrentPayoff: Decimal\nAmountDue: Decimal\nPrincipalPayoff: Decimal\nPrincipalDue: Decimal\nDueDate: Int\nScheduleSetupDate: Int\nScheduled: Boolean\nHasNsf: Boolean\nIsPayoff: Boolean\nPayAmountDue: Boolean\nPayPayoffAmount: Boolean\n}\nAccountFees: List\n{\nFinancialRecordId : String\nFinancialRecordTypeId: int (Payable=1, PaymentSent=2, Fee=4, Interest=5 OneDayLoan=6, Payment=7, Principal=8, RecordVoid=9, UnappliedFundsDepost=10, UnappliedFundsWithdrawl=11, RecordReapplied=12, Insurance=13, UnappliedFundsTransfer=14, AddOnCombined=15, AddOnLineItem=16, ReserveFundsDeposit=17, ReserveFundsWithdrawl=18, ReserveFundsTransfer=19)\nBalance: Decimal\nEffectiveUnixDate: Int\nDescription: String\nIsFee: Boolean\nFloorplanId: String\nStockNumber: String\nVin: String\nApplyToFinancialRecordId: String\n}\nBankAccountId: String\n}\n","dataMode":"raw","timestamp":0,"version":2,"time":1375299411654},{"collectionId":"ad6428ad-7761-ca69-7fa2-5ad884fb8796","id":"1b4ceb0c-d507-540c-161a-4239538a6689","name":"info","description":"Gets payment info for logged in dealer.","url":"{{url}}/payment/info","method":"GET","headers":"Authorization: {{dealer_auth_token}}\n","data":[],"dataMode":"params","timestamp":0,"version":2,"time":1375291775829},{"collectionId":"ad6428ad-7761-ca69-7fa2-5ad884fb8796","id":"29f4f7bb-f4b6-1771-8338-d89cb00606d3","name":"search/dueon/{duedate}","description":"Returns payments due on specified due date.","url":"{{url}}/payment/search/dueon/{duedate}","method":"GET","headers":"Authorization: {{dealer_auth_token}}\n","data":[],"dataMode":"params","timestamp":0,"version":2,"time":1375299214617},{"collectionId":"ad6428ad-7761-ca69-7fa2-5ad884fb8796","id":"4d02a924-195b-8ab9-9bb7-38ab4cecc8a1","name":"search/stock/{stocknumber}","description":"Returns payments due on Floorplan with specified stock number","url":"{{url}}/payment/search/stock/{stocknumber}","method":"GET","headers":"Authorization: {{dealer_auth_token}}\n","data":[],"dataMode":"params","timestamp":0,"version":2,"time":1375299270449},{"collectionId":"ad6428ad-7761-ca69-7fa2-5ad884fb8796","id":"72bbc524-6e0a-5140-7ff3-6f5b8ddd871a","name":"paymentautosuggest (404)","description":"Gets auto suggest items for payment search.","url":"{{url}}/payment/scheduleautosuggest","method":"GET","headers":"Authorization: {{dealer_auth_token}}\n","data":"SelectedFloorplans: List\n{\nFloorplanId: String\nBuyerBusinessId: String\nVin: String\nStockNumber: String\nDaysOnFloorplan: String\nUnitDescription: String\nUnitColor: String\nUnitStatusId: String\nCreditType: String\nCurrentPayoff: Decimal\nAmountDue: Decimal\nPrincipalPayoff: Decimal\nPrincipalDue: Decimal\nDueDate: Int\nScheduleSetupDate: Int\nScheduled: Boolean\nHasNsf: Boolean\nIsPayoff: Boolean\nPayAmountDue: Boolean\nPayPayoffAmount: Boolean\n}\nAccountFees: List\n{\nFinancialRecordId : String\nFinancialRecordTypeId: int (Payable=1, PaymentSent=2, Fee=4, Interest=5 OneDayLoan=6, Payment=7, Principal=8, RecordVoid=9, UnappliedFundsDepost=10, UnappliedFundsWithdrawl=11, RecordReapplied=12, Insurance=13, UnappliedFundsTransfer=14, AddOnCombined=15, AddOnLineItem=16, ReserveFundsDeposit=17, ReserveFundsWithdrawl=18, ReserveFundsTransfer=19)\nBalance: Decimal\nEffectiveUnixDate: Int\nDescription: String\nIsFee: Boolean\nFloorplanId: String\nStockNumber: String\nVin: String\nApplyToFinancialRecordId: String\n}\nBankAccountId: String\n}\n","dataMode":"raw","timestamp":0,"version":2,"time":1375299606438},{"collectionId":"ad6428ad-7761-ca69-7fa2-5ad884fb8796","id":"a0f33c20-69f1-f5f2-64dc-7ba831452c54","name":"search/duetoday","description":"Returns all payments due on the current day.","url":"{{url}}/payment/search/duetoday","method":"GET","headers":"Authorization: {{dealer_auth_token}}\n","data":[],"dataMode":"params","timestamp":0,"version":2,"time":1375299111727},{"collectionId":"ad6428ad-7761-ca69-7fa2-5ad884fb8796","id":"be8d63e2-10b1-85ec-3a2d-9fb80b19af6a","name":"calculatepaymentamount","description":"Returns a payment amount corresponding to how much would be due to the Floorplan on the requested date.","url":"{{url}}/payment/calculatepaymentamount","method":"GET","headers":"Authorization: {{dealer_auth_token}}\n","data":[],"dataMode":"params","timestamp":0,"version":2,"time":1375299145349},{"collectionId":"ad6428ad-7761-ca69-7fa2-5ad884fb8796","id":"d4ad8a69-4c17-7bb8-b243-9f32410fb069","name":"searchscheduled","description":"Searches scheduled payments based on query string.","url":"{{url}}/payment/searchscheduled","method":"GET","headers":"Authorization: {{dealer_auth_token}}\n","data":[],"dataMode":"params","timestamp":0,"responses":[],"version":2},{"collectionId":"ad6428ad-7761-ca69-7fa2-5ad884fb8796","id":"e02a0a8a-3b69-92e3-8cfb-1077a11afafc","name":"search","description":"Allows search of payments based on query string.","url":"{{url}}/payment/search","method":"GET","headers":"Authorization: {{dealer_auth_token}}\n","data":[],"dataMode":"params","timestamp":0,"version":2,"time":1375299012057},{"collectionId":"ad6428ad-7761-ca69-7fa2-5ad884fb8796","id":"eff7675f-3f87-46c0-e078-1a721d80debe","name":"scheduleautosuggest (404)","description":"Returns auto suggest items for scheduled payment search.","url":"{{url}}/payment/scheduleautosuggest","method":"GET","headers":"Authorization: {{dealer_auth_token}}\n","data":"SelectedFloorplans: List\n{\nFloorplanId: String\nBuyerBusinessId: String\nVin: String\nStockNumber: String\nDaysOnFloorplan: String\nUnitDescription: String\nUnitColor: String\nUnitStatusId: String\nCreditType: String\nCurrentPayoff: Decimal\nAmountDue: Decimal\nPrincipalPayoff: Decimal\nPrincipalDue: Decimal\nDueDate: Int\nScheduleSetupDate: Int\nScheduled: Boolean\nHasNsf: Boolean\nIsPayoff: Boolean\nPayAmountDue: Boolean\nPayPayoffAmount: Boolean\n}\nAccountFees: List\n{\nFinancialRecordId : String\nFinancialRecordTypeId: int (Payable=1, PaymentSent=2, Fee=4, Interest=5 OneDayLoan=6, Payment=7, Principal=8, RecordVoid=9, UnappliedFundsDepost=10, UnappliedFundsWithdrawl=11, RecordReapplied=12, Insurance=13, UnappliedFundsTransfer=14, AddOnCombined=15, AddOnLineItem=16, ReserveFundsDeposit=17, ReserveFundsWithdrawl=18, ReserveFundsTransfer=19)\nBalance: Decimal\nEffectiveUnixDate: Int\nDescription: String\nIsFee: Boolean\nFloorplanId: String\nStockNumber: String\nVin: String\nApplyToFinancialRecordId: String\n}\nBankAccountId: String\n}\n","dataMode":"raw","timestamp":0,"version":2,"time":1375299559597},{"collectionId":"ad6428ad-7761-ca69-7fa2-5ad884fb8796","id":"f608e139-8caf-f583-c909-e87b99d394f3","name":"getReceivableDetail","description":"Gets PDF report of receivables.","url":"{{url}}/payment/getReceivableDetail","method":"GET","headers":"Authorization: {{dealer_auth_token}}\n","data":"SelectedFloorplans: List\n{\nFloorplanId: String\nBuyerBusinessId: String\nVin: String\nStockNumber: String\nDaysOnFloorplan: String\nUnitDescription: String\nUnitColor: String\nUnitStatusId: String\nCreditType: String\nCurrentPayoff: Decimal\nAmountDue: Decimal\nPrincipalPayoff: Decimal\nPrincipalDue: Decimal\nDueDate: Int\nScheduleSetupDate: Int\nScheduled: Boolean\nHasNsf: Boolean\nIsPayoff: Boolean\nPayAmountDue: Boolean\nPayPayoffAmount: Boolean\n}\nAccountFees: List\n{\nFinancialRecordId : String\nFinancialRecordTypeId: int (Payable=1, PaymentSent=2, Fee=4, Interest=5 OneDayLoan=6, Payment=7, Principal=8, RecordVoid=9, UnappliedFundsDepost=10, UnappliedFundsWithdrawl=11, RecordReapplied=12, Insurance=13, UnappliedFundsTransfer=14, AddOnCombined=15, AddOnLineItem=16, ReserveFundsDeposit=17, ReserveFundsWithdrawl=18, ReserveFundsTransfer=19)\nBalance: Decimal\nEffectiveUnixDate: Int\nDescription: String\nIsFee: Boolean\nFloorplanId: String\nStockNumber: String\nVin: String\nApplyToFinancialRecordId: String\n}\nBankAccountId: String\n}\n","dataMode":"raw","timestamp":0,"version":2,"time":1375299516602}],"order":["1b4ceb0c-d507-540c-161a-4239538a6689","e02a0a8a-3b69-92e3-8cfb-1077a11afafc","d4ad8a69-4c17-7bb8-b243-9f32410fb069","a0f33c20-69f1-f5f2-64dc-7ba831452c54","be8d63e2-10b1-85ec-3a2d-9fb80b19af6a","29f4f7bb-f4b6-1771-8338-d89cb00606d3","4d02a924-195b-8ab9-9bb7-38ab4cecc8a1","018ea5c2-34f6-2035-78f0-f663b552cbb5","11abbf6d-dd28-35d6-fdc0-a2ec5595b40e","17147c03-9ebf-9e44-980f-6727a1d1670b","01bb394a-9aed-5e2e-74a8-9a3f20565d9c","0eed2172-bf99-914e-8fd7-a64be8c5d8f0","f608e139-8caf-f583-c909-e87b99d394f3","eff7675f-3f87-46c0-e078-1a721d80debe","72bbc524-6e0a-5140-7ff3-6f5b8ddd871a"]}