{"id":"00810cff-703b-7173-43f7-2767f16018fa","name":"Nextgear - receipt","timestamp":1375299688998,"requests":[{"collectionId":"00810cff-703b-7173-43f7-2767f16018fa","id":"1009f8c7-5fa9-f40c-74c6-8c78b6f5db28","name":"search","description":"Allows search of receipts by query string parameters","url":"{{url}}/receipt/search","method":"GET","headers":"Authorization: {{dealer_auth_token}}\n","data":"SelectedFloorplans: List\n{\nFloorplanId: String\nBuyerBusinessId: String\nVin: String\nStockNumber: String\nDaysOnFloorplan: String\nUnitDescription: String\nUnitColor: String\nUnitStatusId: String\nCreditType: String\nCurrentPayoff: Decimal\nAmountDue: Decimal\nPrincipalPayoff: Decimal\nPrincipalDue: Decimal\nDueDate: Int\nScheduleSetupDate: Int\nScheduled: Boolean\nHasNsf: Boolean\nIsPayoff: Boolean\nPayAmountDue: Boolean\nPayPayoffAmount: Boolean\n}\nAccountFees: List\n{\nFinancialRecordId : String\nFinancialRecordTypeId: int (Payable=1, PaymentSent=2, Fee=4, Interest=5 OneDayLoan=6, Payment=7, Principal=8, RecordVoid=9, UnappliedFundsDepost=10, UnappliedFundsWithdrawl=11, RecordReapplied=12, Insurance=13, UnappliedFundsTransfer=14, AddOnCombined=15, AddOnLineItem=16, ReserveFundsDeposit=17, ReserveFundsWithdrawl=18, ReserveFundsTransfer=19)\nBalance: Decimal\nEffectiveUnixDate: Int\nDescription: String\nIsFee: Boolean\nFloorplanId: String\nStockNumber: String\nVin: String\nApplyToFinancialRecordId: String\n}\nBankAccountId: String\n}\n","dataMode":"raw","timestamp":0,"responses":[],"version":2},{"collectionId":"00810cff-703b-7173-43f7-2767f16018fa","id":"c8ee1c29-e956-67c2-25be-e666e75a6ce6","name":"view/{financialTransactionId}","description":"Returns a PDF receipt for the transactionId.","url":"{{url}}/receipt/view/{financialTransactionId}","method":"GET","headers":"Authorization: {{dealer_auth_token}}\n","data":"","dataMode":"raw","timestamp":0,"version":2,"time":1375303847799},{"collectionId":"00810cff-703b-7173-43f7-2767f16018fa","id":"e8cbc439-73f8-684d-aeac-f17ff54ba129","name":"autosuggest","description":"Auto suggests values for receipt search.","url":"{{url}}/receipt/autosuggest","method":"GET","headers":"Authorization: {{dealer_auth_token}}\n","data":"SelectedFloorplans: List\n{\nFloorplanId: String\nBuyerBusinessId: String\nVin: String\nStockNumber: String\nDaysOnFloorplan: String\nUnitDescription: String\nUnitColor: String\nUnitStatusId: String\nCreditType: String\nCurrentPayoff: Decimal\nAmountDue: Decimal\nPrincipalPayoff: Decimal\nPrincipalDue: Decimal\nDueDate: Int\nScheduleSetupDate: Int\nScheduled: Boolean\nHasNsf: Boolean\nIsPayoff: Boolean\nPayAmountDue: Boolean\nPayPayoffAmount: Boolean\n}\nAccountFees: List\n{\nFinancialRecordId : String\nFinancialRecordTypeId: int (Payable=1, PaymentSent=2, Fee=4, Interest=5 OneDayLoan=6, Payment=7, Principal=8, RecordVoid=9, UnappliedFundsDepost=10, UnappliedFundsWithdrawl=11, RecordReapplied=12, Insurance=13, UnappliedFundsTransfer=14, AddOnCombined=15, AddOnLineItem=16, ReserveFundsDeposit=17, ReserveFundsWithdrawl=18, ReserveFundsTransfer=19)\nBalance: Decimal\nEffectiveUnixDate: Int\nDescription: String\nIsFee: Boolean\nFloorplanId: String\nStockNumber: String\nVin: String\nApplyToFinancialRecordId: String\n}\nBankAccountId: String\n}\n","dataMode":"raw","timestamp":0,"responses":[],"version":2}]}