{"id":"81fe07b0-d244-70af-dcb8-56b39462db9d","name":"NextGear - Account","timestamp":1374779982981,"requests":[{"collectionId":"81fe07b0-d244-70af-dcb8-56b39462db9d","id":"040b8050-e460-2114-5444-ab02df6aa6b7","name":"log (404)","description":"Logs Usage Information for a mobile user","url":"{{url}}/api/Account/log","method":"POST","headers":"Authorization: {{dealer_auth_token}}\n","data":[],"dataMode":"params","timestamp":0,"version":2,"time":1375276699662},{"collectionId":"81fe07b0-d244-70af-dcb8-56b39462db9d","id":"38abe09c-c6f0-8797-fede-7e424416a5d9","name":"GetPushNotificationSettings/{deviceId} (404)","description":"Gets the current push notification settings for a device.","url":"{{url}}/Account/GetPushNotificationSettings/{deviceId}","method":"GET","headers":"Authorization: {{dealer_auth_token}}\n","data":"PartnerToken: String\nDealerNumber: Int\nEmailAddress: String\nFirstName: String\nLastName: String\nSSN: String\n","dataMode":"raw","timestamp":0,"responses":[],"version":2},{"collectionId":"81fe07b0-d244-70af-dcb8-56b39462db9d","id":"875c7c1c-fdea-a824-6cc5-39c739e7ffcb","name":"UpdatePushNotificationItem/{deviceId}/{itemId}/{enabled} (404)","description":"Updates push notification status for item ID passed into service.","url":"{{url}}/Account/UpdatePushNotificationItem/{deviceId}/{itemId}/{enabled}","method":"GET","headers":"Authorization: {{dealer_auth_token}}\n","data":"PartnerToken: String\nDealerNumber: Int\nEmailAddress: String\nFirstName: String\nLastName: String\nSSN: String\n","dataMode":"raw","timestamp":0,"version":2,"time":1374867444017},{"collectionId":"81fe07b0-d244-70af-dcb8-56b39462db9d","id":"99d2919e-9e15-4fb6-6481-a042a30a7530","name":"UpdateDeviceToken/{{deviceId}}/{{deviceToken}} (404)","description":"Updates the device token for a device.","url":"{{url}}/Account/UpdateDeviceToken/{{deviceId}}/{{deviceToken}}","method":"GET","headers":"Authorization: {{dealer_auth_token}}\n","data":"PartnerToken: String\nDealerNumber: Int\nEmailAddress: String\nFirstName: String\nLastName: String\nSSN: String\n","dataMode":"raw","timestamp":0,"version":2,"time":1374867254854},{"collectionId":"81fe07b0-d244-70af-dcb8-56b39462db9d","id":"bb01a364-82e5-a5a3-54e4-5abf330a008f","name":"UpdatePushNotification/{deviceId}/{enabled} (404)","description":"Updates push notification status for entire device.","url":"{{url}}/Account/UpdatePushNotificationItem/{deviceId}/{itemId}/{enabled}","method":"GET","headers":"Authorization: {{dealer_auth_token}}\n","data":"PartnerToken: String\nDealerNumber: Int\nEmailAddress: String\nFirstName: String\nLastName: String\nSSN: String\n","dataMode":"raw","timestamp":0,"version":2,"time":1374867464895},{"collectionId":"81fe07b0-d244-70af-dcb8-56b39462db9d","id":"ca75192b-c6c5-883a-2a34-8406540e8e45","name":"GetPushNotificationDetails/{pushNotificationId} (404)","description":"Gets the details of a push notification.","url":"{{url}}/Account/GetPushNotificationDetails/{pushNotificationId}","method":"GET","headers":"Authorization: {{dealer_auth_token}}\n","data":"PartnerToken: String\nDealerNumber: Int\nEmailAddress: String\nFirstName: String\nLastName: String\nSSN: String\n","dataMode":"raw","timestamp":0,"version":2,"time":1374867265076}],"order":["040b8050-e460-2114-5444-ab02df6aa6b7","99d2919e-9e15-4fb6-6481-a042a30a7530","bb01a364-82e5-a5a3-54e4-5abf330a008f","875c7c1c-fdea-a824-6cc5-39c739e7ffcb","38abe09c-c6f0-8797-fede-7e424416a5d9","ca75192b-c6c5-883a-2a34-8406540e8e45"]}